Word,Pinyin,Meaning,Type,Level,Topic
把,bǎ,indicating pre-verbal object as thing dealt with by the action,-,-,Animals
啊,ā,"ah, an exclamation",-,-,People
愛,ài,to love,-,-,Emotions
安靜,ānjìng,"to be quiet, calm, peaceful",-,-,Emotions
吧,ba,"question particle, implying probability/ sentence suffix, indicating a request",-,-,Animals
八,bā,eight,-,-,People
爸爸,bàba,father,-,-,People
百,bǎi,hundred,-,-,Other
百貨公司,bǎihuògōngsī,department store,-,-,People
白色,báisè,white 班 (Measurement) bān : measure word for a group of organized people 班 (Noun) bān : class,-,-,People
搬,bān,to move,-,-,Other
半,bàn,half,-,-,Other
幫,bāng,"to help, to assist",-,-,People
辦公室,bàngōngshì,office,-,-,Places
棒球,bàngqiú,baseball,-,-,Other
包子,bāozi,steamed stuffed bun,-,-,Food
報紙,bàozhǐ,newspaper,N,A1,Other
杯,bēi,a cup of,M,A1,Other
被,bèi,a passive voice indicator   北(邊) běi (biān) : north,"Prep, N",A1,Animals
杯子,bēizi,"cup, glass",N,A1,Other
本,běn,"individual measure word for books or magazines, etc.",M,A1,People
本子,běnzi,"book, notebook, edition",N,A1,People
比,bǐ,"to compare; compared to, than",Prep,A1,Other
筆,bǐ,pen,N,A1,Other
別的,biéde,"some other, an additional or a different one",Det,A1,People
比較,bǐjiào,"comparatively;   比賽 (Noun) bǐsài : competition, contest, match   比賽  bǐsài : to compete in a game/ activity/ match","Adv, N, VA, VA",A1,People
不客氣,búkèqì,you're welcome,-,A1,People
不,bù,don't,Adv,A1,Other
不好意思,bùhǎoyìsī,to feel embarrassed; to be ill at ease,-,A1,Actions
才,cái,indicate that an action happened later than expacted,Adv,A1,Animals
菜,cài,"food, cuisine",N,A1,Food
參加,cānjiā,"to attend, to participate, to take part in   餐廳/飯館兒 cāntīng/ fànguǎnér : restaurant","VA, N",A1,Places
茶,chá,tea,N,A1,Food
長,cháng,"to be long, not short",VS,A1,Actions
常常,chángcháng,"often, usually, generally   唱歌(兒) chànggē(ér) : sing","Adv, VA",A1,People
吵,chǎo,"to make a noise, to disturb, to quarrel/ to be noisy   車(子) chē(zi) : car, vehicle","VS, N",A1,Actions
車站,chēzhàn,station,N,A1,Travel
成績,chéngjī,"grade(at school), academic record, achievement",N,A1,Places
吃,chī,to eat,VA,A1,Food
吃飽,chībǎo,satiate; full,VS,A1,People
吃飯,chīfàn,"to eat, to have a meal",VA,A1,Food
穿,chuān,"to wear, to put on   船(兒) chuán(ér) : ship, boat","VA, N",A1,People
窗,chuāng,window,N,A1,People
床,chuáng,bed,N,A1,Other
廚房,chúfáng,kitchen,N,A1,People
出國,chūguó,go abroad(from one's own country),VA,A1,Numbers
出來,chūlái,to come out,VA,A1,People
出去,chūqù,"to go out, to leave",VA,A1,Actions
春天,chūntiān,"spring, springtime",N,A1,People
次,cì,measure word for the number of repetitions in a given period of time,M,A1,People
從,cóng,from,Prep,A1,Other
錯,cuò,to be wrong,VS,A1,Actions
打,dǎ,"to hit, to beat, to strike",VA,A1,Food
打電話,dǎdiànhuà,make a telephone call,VA,A1,Technology
打開,dǎkāi,to open up,VA,A1,Other
大,dà,"to be big, to be large",VS,A1,Actions
大家,dàjiā,everyone,N,A1,Numbers
大樓,dàlóu,multi-storied building,N,A1,People
蛋糕,dàngāo,cake,N,A1,Other
當然,dāngrán,"certainly, of course",Adv,A1,People
到,dào,"(1)to reach, to arrive; (2)up to",VA,A1,People
大學,dàxué,university,N,A1,People
的,de,possessive or modifying particle,P,A1,People
得,dé,a particle used between a verb or adjective and its complement to indicate manner or degree,P,A1,Animals
等,děng,to wait,VA,A1,People
第,dì,a prefix for ordinal numbers   點(鐘) diǎn(zhōng) : o'clock,"Det, M",A1,People
電話,diànhuà,"telephone, call",N,A1,Technology
電腦,diànnǎo,computer   電視(機) diànshì(jī) : television set,"N, N",A1,Technology
電影,diànyǐng,movie,N,A1,People
電影院,diànyǐngyuàn,"cinema, movie(house)",N,A1,People
弟弟,dìdì,younger brother,N,A1,People
地方,dìfāng,"location, place",N,A1,Animals
地上,dìshàng,"onthe ground, floor",N,A1,People
地圖,dìtú,map   東(邊) dōng(biān) : east,"N, N",A1,People
冬天,dōngtiān,"winter, wintertime",N,A1,People
東西,dōngxī,thing,N,A1,People
懂,dǒng,to understand,VS,A1,Conjunctions
都,dōu,"all, both",Adv,A1,Other
對,duì,"to be correct, right",VS,A1,Actions
對不起,duìbùqǐ,I'm sorry; excuse me,-,A1,People
對面,duìmiàn,"the other side, place across from   多 (Adverb) duō : more than required   多 (Verb subject) duō : many, much, more","N, Adv, VS",A1,People
多少,duōshǎo,"how much, how many",Adv,A1,People
肚子,dùzǐ,"stomach, belly, abdomen",N,A1,People
餓,è,to be hungry,VS,A1,Actions
二,èr,two,Det,A1,Numbers
兒子,érzi,son,N,A1,Conjunctions
飯,fàn,"food, meal, rice",N,A1,Food
放,fàng,to put,VA,A1,Other
方便,fāngbiàn,to be convenient,VS,A1,Actions
房間,fángjiān,room,N,A1,Other
房子,fángzi,house,N,A1,Other
非常,fēicháng,"very, extremely",Adv,A1,People
飛機,fēijī,airplane   (飛)機場 (fēi)jīchǎng : airport   分(鐘) fēn(zhōng) : minute,"N, N, M",A1,Travel
封,fēng,"measure word for letters, telegrams, etc.",M,A1,People
風,fēng,wind,N,A1,People
風景,fēngjǐng,"scenery, landscape",N,A1,Conjunctions
附近,fùjìn,nearby,N,A1,Other
乾淨,gānjìng,to be clean,VS,A1,Actions
感冒,gǎnmào,"to have a cold; cold, flu",VS,A1,Actions
高,gāo,"to be tall, to be high",VS,A1,Actions
高興,gāoxìng,to be happy,VS,A1,Emotions
告訴,gàosù,"to tell, to inform",VA,A1,People
個,gè,individual measure word for persons and material things,M,A1,People
哥哥,gēgē,elder brother   給  gěi : to give   跟 (Conj.) gēn : and,"N, VA, VA, Conj",A1,People
更,gèng,"even more, still more   公共汽車(公車) gōnggòngqìchē(gōngchē) : bus","Adv, N",A1,Travel
功課,gōngkè,"schoolwork, homework",N,A1,Places
公司,gōngsī,company,N,A1,Other
公寓,gōngyù,apartment building,N,A1,People
公園,gōngyuán,park   工作 (Noun) gōngzuò : work,"N, N",A1,Places
狗,gǒu,dog,N,A1,Animals
關,guān,"to close, to shut; to turn off",VA,A1,Other
貴,guì,"to be expensive   過 (Suffix) guò : a suffix indicating completion of an action, or completion of an action as an experience   過 () guò : to pass","VS, P, VA",A1,Animals
國家,guójiā,"nation, country",N,A1,People
孩子,háizi,child,N,A1,People
海邊,hǎibiān,"seaside, beach",N,A1,People
還是,háishì,or,Conj,A1,Conjunctions
寒假,hánjià,winter vacation,N,A1,Animals
好,hǎo,"very, quite",Adv,A1,People
好,hǎo,to be good,VS,A1,Actions
好吃,hǎochī,to be fond of eating,VS,A1,Food
好像,hǎoxiàng,"to seem, to be likely, to be like   好玩(兒) hǎowán(ér) : to be interesting, to be full of fun","Adv, VS",A1,Actions
號,hào,measure word for numbers and dates,M,A1,People
號碼,hàomǎ,number,N,A1,Other
喝,hē,to drink,VA,A1,Food
和,hé,and,Conj,A1,Conjunctions
很,hěn,"very, quite",Adv,A1,People
紅色,hóngsè,"red   後(面) hòu(miàn) : back, behind   花(兒) huā(ér) : flower","N, N, N",A1,People
畫,huà,"drawings, pictures   畫(畫) huà(huà) : to draw(picture)","N, VA",A1,People
壞,huài,to be bad,VS,A1,Actions
換,huàn,to change,VA,A1,Other
黃色,huángsè,yellow,N,A1,Other
歡迎,huānyíng,to welcome   華語/華文 huáyǔ/huáwén : Chinese language,"VS, N",A1,People
回家,huíjiā,to return home,VA,A1,Places
回來,huílái,to come back,VA,A1,People
回去,huíqù,to go back,VA,A1,Actions
會,huì,"can, to be able to, to be good at, to be skillful in",VS,A1,Actions
活動,huódòng,activity,N,A1,People
火車,huǒchē,train,N,A1,Travel
幾,jǐ,"a few, several; how many",Det,A1,People
寄,jì,to mail,VA,A1,People
加,jiā,to add to,VA,A1,Other
家,jiā,"home, family",N,A1,Places
家人,jiārén,family members,N,A1,People
間,jiān,container measure word for houses or other buildings,M,A1,People
件,jiàn,"individual measure word for clothes, etc.",M,A1,Clothes
健康,jiànkāng,to be healthy,VS,A1,Actions
見面,jiànmiàn,"to meet someone, to see someone",VA,A1,People
腳,jiǎo,foot   腳踏車/自行車 jiǎotàchē/zìxíngchē : bicycle,"N, N",A1,People
叫,jiào,to be called,VA,A1,Actions
教室,jiàoshì,classroom,N,A1,Other
記得,jìdé,to remember,VS,A1,People
接,jiē,"to fetch, to pick up(phone)",VA,A1,Technology
結束,jiéshù,"to end, close, conclude",VS,A1,Other
介紹,jièshào,to introduce,VA,A1,People
今年,jīnnián,this year,N,A1,Time
今天,jīntiān,today,N,A1,Time
近,jìn,to be near,VS,A1,Actions
進步,jìnbù,to progress; to improve,VS,A1,People
進來,jìnlái,to come in,VA,A1,People
進去,jìnqù,to go in,VA,A1,Actions
九,jiǔ,nine,Det,A1,People
久,jiǔ,to be a long time,VS,A1,Actions
酒,jiǔ,wine or liquor,N,A1,People
就,jiù,"just, exactly; then, right away; (indicating immediacy)",Adv,A1,Animals
舊,jiù,"to be old, to be used",VS,A1,Actions
覺得,juédé,"to feel, to think, to consider",VS,A1,People
咖啡,kāfēi,coffee,N,A1,Food
開,kāi,"to drive, to open, to turn on",VA,A1,People
開車,kāichē,to drive a car,VA,A1,People
開始,kāishǐ,"to start, to begin",VS,A1,Actions
看,kàn,"to watch, to read, to look at",VA,A1,Actions
考試,kǎoshì,"test, exam",N,A1,Other
考試,kǎoshì,to take a test,VA,A1,Other
卡片,kǎpiàn,card,N,A1,Other
可樂,kělè,cola,N,A1,Other
可能,kěnéng,"probably, maybe",Adv,A1,Other
可是,kěshì,"but, however",Conj,A1,People
可以,kěyǐ,"can, may, be permitted",Adv,A1,People
課,kè,"subject, course, class",N,A1,Other
客廳,kètīng,living room,N,A1,People
褲子,kùzi,"trousers, pants",N,A1,Clothes
快,kuài,quickly,Adv,A1,People
快,kuài,to be fast,VS,A1,Actions
塊,kuài,partial measure word for lumps of foodstuff; individual measure word for currency,M,A1,Food
快樂,kuàilè,to be happy,VS,A1,Emotions
來,lái,to come,VA,A1,People
籃球,lánqiú,basketball,N,A1,Other
老師,lǎoshī,teacher   了1 le: indicates the completion of an action   了2 le: indicates new situation,"N, P, P",A1,Animals
累,lèi,to be tired,VS,A1,Actions
冷,lěng,to be cold   冷氣(機) lěngqì(jī) : air conditioning; air conditioner,"VS, N",A1,Actions
離,lí,"to be away from, apart from, separated from",VA,A1,Actions
離開,líkāi,to leave,VA,A1,Other
裡面,lǐmiàn,inside,N,A1,People
兩,liǎng,two,Det,A1,Numbers
六,liù,six,Det,A1,People
樓,lóu,measure word for floor or story,M,A1,People
樓上,lóushàng,upstairs,N,A1,People
樓下,lóuxià,downstairs,N,A1,People
路,lù,road,N,A1,Other
路口,lùkǒu,"crossway, junction, intersection",N,A1,People
旅行,lǚxíng,"to travel, to take a trip",VA,A1,Travel
綠色,lǜsè,green,N,A1,Other
嗎,ma,a question particle,P,A1,People
媽媽,māma,mother,N,A1,People
買,mǎi,to buy,VA,A1,Other
賣,mài,to sell,VA,A1,Other
忙,máng,to be busy,VS,A1,Travel
貓,māo,cat,N,A1,Animals
毛,máo,one-tenth of a yuan,M,A1,Numbers
每,měi,every,Det,A1,Adverbs
美國,měiguó,"USA, American",N,A1,People
沒,méi,not (have)   沒(有) méi(yǒu) : used to ask if an action has been completed,"Adv, P",A1,People
沒關係,méiguānxì,"no problem, never mind, it doesn' t matter",VS,A1,People
沒問題,méiwèntí,no problem,VS,A1,Other
妹妹,mèimei,younger sister,N,A1,People
門,mén,"door, gate",N,A1,Conjunctions
門口,ménkǒu,"entrance, doorway",N,A1,Conjunctions
麵,miàn,noodle,N,A1,Food
麵包,miànbāo,bread,N,A1,Other
明年,míngnián,next year,N,A1,Time
明天,míngtiān,tomorrow,N,A1,Time
名字,míngzì,"full name, given name",N,A1,People
拿,ná,"to bring, to carry(in one's, or with one's hand)   哪裡/兒 nǎlǐ/ér : where   那裡/兒 nàlǐ/ér : there, over there","VA, N, N",A1,People
那些,nàxiē,those,Det,A1,Other
難,nán,to be difficult   南(邊) nán(biān) : south   男孩(子/兒) nánhái(zi/ér) : boy,"VS, N, N",A1,Actions
男生,nánshēng,boy,N,A1,Other
呢,ne,a question particle/ a particle indicating the situation or state of affairs is being sustain,P,A1,Animals
能,néng,can or to be capable of,Adv,A1,Actions
你,nǐ,you,N,A1,People
你們,nǐmen,you,"plural, N",A1,People
年,nián,a year of,M,A1,Time
您,nín,polite form of address you,N,A1,Clothes
牛奶,niúnǎi,cow's milk,N,A1,Animals
女兒,nǚér,daughter   女孩(子/兒) nǚhái(zi/ér) : girl,"N, N",A1,People
女生,nǚshēng,girl,N,A1,People
跑步,pǎobù,jogging,VA,A1,People
朋友,péngyǒu,friend,N,A1,People
便宜,piányi,to be cheap,VS,A1,Actions
票,piào,ticket,N,A1,Travel
漂亮,piāoliàng,"to be beautiful, to be pretty",VS,A1,Actions
皮包,píbāo,"handbag, briefcase",N,A1,People
瓶,píng,Cointainer measure word for the contents of a bottle,M,A1,People
七,qī,seven,Det,A1,Other
騎,qí,"to ride; to drive(a bicycle, motorcycle, horse, etc.)",VA,A1,Animals
千,qiān,thousand,Det,A1,Conjunctions
錢,qián,money   前(面) qián(miàn) : infront,"N, N",A1,People
錢包,qiánbāo,"wallet, purse, pouch",N,A1,Interjections
起床,qǐchuáng,to get up,VA,A1,Other
請,qǐng,"to please, to invite",VA,A1,People
請問,qǐngwèn,"excuse me, may I ask?",-,A1,People
球,qiú,ball,N,A1,Other
秋天,qiūtiān,"autumn, fall",N,A1,Other
去,qù,to go,VA,A1,Actions
去年,qùnián,last year,N,A1,Time
熱,rè,to be hot,VS,A1,Actions
熱狗,règǒu,hot dog,N,A1,Animals
熱鬧,rènào,"to be lively, to be fun, to be bustling with noise",VS,A1,Travel
人,rén,"person, people",N,A1,Conjunctions
認識,rènshi,"to recognize, to realize",VS,A1,People
日本,rìběn,"Japan, Japanese",N,A1,Other
容易,róngyì,to be easy,VS,A1,Actions
肉,ròu,meat,N,A1,Food
三,sān,three,Det,A1,Numbers
傘,sǎn,umbrella,N,A1,Other
山,shān,mountain,N,A1,People
上,shàng,"to ascend; get on/ into(car/ train/ etc).   上(面) shàng (miàn) : above, on top of","VA, N",A1,Travel
上班,shàngbān,"to begin work, to start work, to go to work",VA,A1,Actions
商店,shāngdiàn,"shop, store",N,A1,Conjunctions
上課,shàngkè,"to go to class, to attend classs",VA,A1,Actions
上網,shàngwǎng,internet access,VA,A1,Technology
上午,shàngwǔ,"before noon, morning",N,A1,Time
少,shǎo,"few, less",VS,A1,Other
誰,shéi,"who, whom",N,A1,Other
生病,shēngbìng,"to become ill, to be sick",VS,A1,Actions
生日,shēngrì,birthday,N,A1,Time
身體,shēntǐ,body,N,A1,Other
什麼,shénme,what,Det,A1,Clothes
十,shí,ten,Det,A1,Other
時候,shíhòu,time,N,A1,People
時間,shíjiān,time,N,A1,People
時鐘,shízhōng,clock,N,A1,Other
是,shì,"to be(am, are, is) (SHI)",-,A1,Actions
收到,shōudào,"to receive, get, obtain",VA,A1,People
手,shǒu,hand,N,A1,Conjunctions
手機,shǒujī,cell phone; mobile phone,N,A1,Technology
書,shū,book,N,A1,Other
書包,shūbāo,school-bag,N,A1,Places
舒服,shūfú,to be comfortable,VS,A1,Actions
暑假,shǔjià,summer vacation,N,A1,Animals
樹,shù,tree,N,A1,Other
雙,shuāng,measure word for two things of the same kind to be used together,M,A1,Actions
水,shuǐ,water,N,A1,Food
水果,shuǐguǒ,fruit,N,A1,Food
睡覺,shuìjiào,to sleep,VA,A1,Other
說,shuō,"to speak, to say",VA,A1,Actions
說話,shuōhuà,"to speak, to say, to talk",VA,A1,Actions
四,sì,four,Det,A1,Numbers
宿舍,sùshè,dormitory,N,A1,People
歲,suì,measure word for the age of people or animals,M,A1,Animals
算,suàn,"to calculate, to count",VA,A1,Other
送,sòng,"to escort, to deliver, to send off, to present",VA,A1,People
所以,suǒyǐ,"therefore, so   他/她 tā/tā : he, she   他們/她們 tāmen/tāmen : they, them","Conj, N, N",A1,People
太,tài,too,Adv,A1,Adverbs
太太,tàitài,"Mrs, wife",N,A1,People
糖,táng,"candy, sugar",N,A1,Conjunctions
特別,tèbié,to be special,VS,A1,Actions
踢,tī,to kick,VA,A1,People
天,tiān,day,M,A1,Time
天,tiān,day,N,A1,Time
天氣,tiānqì,weather,N,A1,Food
跳舞,tiàowǔ,to dance,VA,A1,Other
聽,tīng,to listen,VA,A1,Actions
痛,tòng,to be painful,VS,A1,Actions
同學,tóngxué,classmate,N,A1,Other
頭,tóu,head,N,A1,People
圖片,túpiàn,picture,N,A1,People
圖書館,túshūguǎn,library,N,A1,Places
外面,wàimiàn,outside,N,A1,People
完,wán,"to finish, to complete(something)   玩(兒) wán(ér) : to play, to enjoy","VS, VA",A1,People
碗,wǎn,bowl,N,A1,Other
碗,wǎn,measure word for servings of food,M,A1,Food
晚安,wǎnān,"good night   晚餐/晚飯 wǎncān/wǎnfàn : dinner, supper","VS, N",A1,Time
晚上,wǎnshàng,"evening, night",N,A1,Time
往,wǎng,to go toward,Prep,A1,Actions
網球,wǎngqiú,"tennis, tennis ball",N,A1,People
網站,wǎngzhàn,website(s),N,A1,People
忘,wàng,to forget,VS,A1,Conjunctions
喂,wéi,"a common telephone or intercom greeting ""hello""",VS,A1,Technology
位,wèi,individual measure word for people,M,A1,People
為什麼,wèishénme,why,Adv,A1,Other
問,wèn,to ask,VA,A1,Other
問題,wèntí,problem/ question,N,A1,People
我,wǒ,I,N,A1,People
我們,wǒmen,"we, us",N,A1,People
五,wǔ,five   午餐/午飯 wǔcān/wǔfàn : lunch,"Det, N",A1,People
洗,xǐ,to wash,VA,A1,Other
下,xià,to descend; get off/ out of (car/ train/ etc.)   西(邊) xī(biān) : west   下(面) xià(miàn) : below,"VA, N, N",A1,Travel
下班,xiàbān,"to get off from work, to go off work",VA,A1,Actions
下課,xiàkè,"to get out of class, end of class",VS,A1,Other
夏天,xiàtiān,"summer, summertime",N,A1,People
下午,xiàwǔ,afternoon,N,A1,Time
下雨,xiàyǔ,to rain,VA,A1,People
先,xiān,"first, in advance, before",Adv,A1,People
先生,xiānshēng,"mister, Mr, gentleman, sir, husband",N,A1,People
現在,xiànzài,"now, right now",N,A1,People
想,xiǎng,"to think, to miss",VA,A1,People
像,xiàng,"to be alike, to be like; to resemble",VA,A1,Actions
小,xiǎo,to be small   小孩(子/兒) xiǎohái(zi/ér) : child,"VS, N",A1,Actions
小姐,xiǎojiě,Miss,N,A1,People
小時,xiǎoshí,hour,N,A1,Other
小心,xiǎoxīn,to be careful,VS,A1,Actions
鞋子,xiézi,shoes,N,A1,Clothes
寫,xiě,to write,VA,A1,Actions
寫字,xiězì,to write,VA,A1,Actions
謝謝,xièxie,"to thanks, to thank you",VS,A1,People
喜歡,xǐhuān,to like   洗手間/廁所 xǐshǒujiān/cèsuǒ : toilet,"VS, N",A1,People
洗衣機,xǐyījī,clothes washing machine,N,A1,Clothes
洗澡,xǐzǎo,to take a bath or shower,VA,A1,People
新,xīn,to be new,VS,A1,Actions
新年,xīnnián,new year,N,A1,Time
信,xìn,"letter, mail",N,A1,People
信封,xìnfēng,envelope,N,A1,Other
星期,xīngqī,week   星期天/星期日 xīngqītiān/xīngqīrì : Sunday,"N, N",A1,Time
行,xíng,"to be OK, to be permitted",VS,A1,Actions
姓,xìng,"surname, family name",VA,A1,People
休息,xiūxí,to rest,VA,A1,Other
學,xué,to study,VA,A1,Other
學生,xuéshēng,student,N,A1,People
學校,xuéxiào,school,N,A1,Places
眼睛,yǎnjīng,eyes,N,A1,Other
要,yào,to want,VA,A1,Other
藥,yào,medicine,N,A1,People
也,yě,also,Adv,A1,Conjunctions
一,yī,one,Det,A1,Numbers
醫生,yīshēng,doctor,N,A1,Conjunctions
一點兒,yìdiǎnér,some,Det,A1,People
一定,yídìng,"certainly, indeed, surely",Adv,A1,People
衣服,yīfú,"clothes, clothing",N,A1,Clothes
醫院,yīyuàn,hospital,N,A1,Places
一共,yígòng,altogether,Adv,A1,People
以後,yǐhòu,"after, afterwards; later",N,A1,Other
已經,yǐjīng,already,Adv,A1,Other
以前,yǐqián,before; previously,N,A1,People
椅子,yǐzi,chair,N,A1,People
一起,yìqǐ,together,Adv,A1,People
一些,yìxiē,some,Det,A1,People
一樣,yíyàng,"to be the same, identical",VS,A1,Actions
一直,yìzhí,"straight; constantly, continuously",Adv,A1,People
意思,yìsī,"meaning, idea, definition",N,A1,People
銀行,yínháng,bank,N,A1,Places
因為,yīnwèi,because,Conj,A1,Conjunctions
音樂,yīnyuè,music,N,A1,People
英國,yīngguó,"UK, United Kingdom",N,A1,People
英文,yīngwén,English language,N,A1,People
郵局,yóujú,post office,N,A1,Places
郵票,yóupiào,postage stamp,N,A1,Other
游泳,yóuyǒng,to swim,VA,A1,People
游泳池,yóuyǒngchí,swimming pool,N,A1,People
有,yǒu,"to have; there is, there are   有點(兒) yǒudiǎn(ér) : somewhat, rather, a bit   有空(兒) yǒukòng(ér) : to have free time, to be free","VA, Adv, VS",A1,Clothes
有時候,yǒushíhòu,"sometimes, now and then",Adv,A1,People
有意思,yǒuyìsī,to be interesting,VS,A1,Actions
又,yòu,again   右(邊) yòu(biān) : right(side),"Adv, N",A1,People
用,yòng,to use   魚(兒) yú(ér) : fish,"VA, N",A1,Animals
元,yuán,standard monetary unit in China,M,A1,People
遠,yuǎn,to be far from,VS,A1,Actions
月,yuè,month,N,A1,Time
運動,yùndòng,"sport, exercise",N,A1,People
運動,yùndòng,to exercise,VA,A1,People
雨天,yǔtiān,rainy day,N,A1,Time
再,zài,"again, then",Adv,A1,People
在,zài,indicating an action in progress,Adv,A1,Animals
在,zài,"in, at, on, etc.",Prep,A1,People
再見,zàijiàn,Good-bye,VA,A1,Other
早,zǎo,to be early   早餐/早飯 zǎocān/zǎofàn : breakfast,"VS, N",A1,Actions
早上,zǎoshàng,morning,N,A1,Time
怎麼,zěnme,how,Adv,A1,Other
怎麼辦,zěnmebàn,what now ?,-,A1,Clothes
怎麼了,zěnmele,what's wrong?,-,A1,Clothes
怎麼樣,zěnmeyàng,how about...? how's everything ?,-,A1,People
站,zhàn,"(train, bus) station",N,A1,Travel
站,zhàn,to stand,VA,A1,Conjunctions
張,zhāng,"individual measure word for flat things, or things with a surface",M,A1,People
找,zhǎo,to search out; to find,VA,A1,People
找到,zhǎodào,to have found,VA,A1,Actions
照片,zhàopiàn,"photo, picture",N,A1,People
照相,zhàoxiàng,to take picture/ photograph,VA,A1,People
照相機,zhàoxiàngjī,camera   這裡/兒 zhèlǐ/ér : here,"N, N",A1,Technology
這些,zhèxiē,these,Det,A1,People
紙,zhǐ,paper,N,A1,Other
枝,zhī,individual measure word for rod-shaped article,M,A1,People
隻,zhī,individual measure word for insects or animals,M,A1,Animals
知道,zhīdào,to know,VS,A1,Other
中國,zhōngguó,"China, Chinese",N,A1,People
中文,zhōngwén,Chinese language,N,A1,People
中午,zhōngwǔ,noon,N,A1,Other
重要,zhòngyào,"to be important, to be vital",VS,A1,Actions
週末,zhōumò,weekend,N,A1,Time
住,zhù,"to stay, to live   桌(子) zhuō(zi) : table","VA, N",A1,People
自己,zìjǐ,"oneself, by oneself   姊姊/姐姐 zǐzi/jiějie: elder sister","N, N",A1,People
走,zǒu,to walk,VA,A1,Actions
走路,zǒulù,to walk(in the road or street),VA,A1,Actions
足球,zúqiú,"football, soccer",N,A1,Conjunctions
最,zuì,"the most, -est",Adv,A1,People
最近,zuìjìn,"recently, lately",Adv,A1,Other
昨天,zuótiān,yesterday   左(邊) zuǒ(biān) : left(side),"N, N",A1,Time
坐,zuò,to sit; travel by(plane/ etc.),VA,A1,Travel
做,zuò,"to do, to make",VA,A1,Actions
做飯,zuòfàn,to cook food,VA,A1,Food
做完,zuòwán,done,VA,A1,Numbers
阿姨,āyí,"one's mother's sister, auntie; address to woman of similar age as parents",N,A2,Clothes
矮,ǎi,"to be short(of stature), low",VS,A2,Actions
安全,ānquán,"to be safe, secure",VS,A2,Actions
白,bái,to be white,VS,A2,Actions
辦法,bànfǎ,"method, way of doing something",N,A2,People
棒,bàng,"to be good; fine; excellent, great!",VS,A2,Food
幫忙,bāngmáng,to help someone do something,VA,A2,People
包,bāo,"collective measure word for the things wrapped, tied up or fixed in bundles",M,A2,People
抱,bào,"to hug, to embrace, to hold or carry in one's arms",VA,A2,People
必須,bìxū,must   邊(兒) biān(ér): side,"Adv, N",A2,People
遍,biàn,measure word for the course of an action from the beginning to the end,M,A2,People
錶,biǎo,watch,N,A2,Other
別,bié,don't,Adv,A2,Other
別人,biérén,other people,N,A2,People
餅乾,bǐnggān,"biscuit, cracker, cookie",N,A2,People
冰箱,bīngxiāng,refrigerator,N,A2,People
病,bìng,"illness, disease",N,A2,People
病人,bìngrén,patient,N,A2,People
不錯,búcuò,"to be not bad, pretty good",VS,A2,Actions
不但,búdàn,not only,Conj,A2,Adverbs
不一定,bùyīdìng,"uncertain, not for sure, not necessarily",Adv,A2,People
不用,búyòng,"need not, don't have to",Adv,A2,Adverbs
擦,cā,"to rub, to wipe, to clean",VA,A2,People
猜,cāi,"to guess, suspect",VA,A2,Other
才,cái,"not until, only then, only, merely",Adv,A2,People
菜單,càidān,menu,N,A2,People
餐桌,cānzhuō,dining table,N,A2,People
草,cǎo,grass,N,A2,Other
草地,cǎodì,lawn   叉(子) chā(zi): fork   超級市場/超市 chāojíshìchǎng/chāoshì : supermarket,"N, N, N",A2,People
城市,chéngshì,city,N,A2,People
襯衫,chènshān,a dress shirt or a collared blouse with buttons,N,A2,Clothes
遲到,chídào,to be late/ arrive late,VS,A2,Actions
窗戶,chuānghù,window,N,A2,People
吹,chuī,"blow, puff",VA,A2,Other
聰明,cōngmíng,to be intelligent,VS,A2,Actions
從前,cóngqián,"formerly, in the past, used to",N,A2,People
帶,dài,to bring,VA,A2,People
戴,dài,"to wear(hat,watch, jewelry etc.)",VA,A2,Clothes
袋子,dàizi,"bag, sack",N,A2,Other
蛋,dàn,egg,N,A2,Other
但是,dànshì,"but, still, however   刀(子) dāo(zi): knife, sword, blade","Conj, N",A2,People
倒,dào,"to pour, to dump out",VA,A2,Other
打掃,dǎsǎo,"to sweep, to clean",VA,A2,People
打算,dǎsuàn,to plan,VA,A2,Other
大聲,dàshēng,to be loud,VS,A2,Actions
大衣,dàyī,"overcoat, topcoat",N,A2,Clothes
德國,déguó,"Germany, German",N,A2,People
低,dī,to be low,VS,A2,Actions
店,diàn,"store, shop",N,A2,Conjunctions
電燈,diàndēng,electric lamp/ light   點(兒) diǎn (ér): partial measure word for a small quantity of things   點(兒) diǎn (ér): dot,"N, M, N",A2,People
點菜,diǎncài,to order food,VA,A2,Food
點心,diǎnxīn,"a snack, light refreshment",N,A2,People
掉,diào,"to fall, to drop, to lose",VS,A2,Other
動,dòng,to move; to be moved,VA,A2,Actions
動物,dòngwù,animal,N,A2,Animals
動物園,dòngwùyuán,zoo,N,A2,Other
讀,dú,(1)to read; to go to; (2)attend school or college,VA,A2,Actions
讀書,dúshū,"to study, to read",VA,A2,Actions
短,duǎn,to be short,VS,A2,Actions
朵,duǒ,Individual measure word for cloudand flowers,M,A2,People
耳朵,ěrduō,ear,N,A2,Other
法國,fǎguó,"France, French",N,A2,Other
飯店,fàndiàn,"hotel, restaurant",N,A2,Travel
方法,fāngfǎ,"method, way, means",N,A2,People
放假,fàngjià,"to have a holiday, vacation",VS,A2,Animals
放下,fàngxià,to lay down; to put down; to let sth down; to lower; to set down,VA,A2,People
發生,fāshēng,"to happen, to occur, take place",VS,A2,Other
發現,fāxiàn,to discover,VA,A2,People
飛,fēi,to fly,VA,A2,Other
父親,fùqīn,father,N,A2,People
服務生,fúwùshēng,"attendant, service person, waiter",N,A2,People
乾,gān,to be dry,VS,A2,Actions
剛剛,gānggāng,just now,Adv,A2,Other
給,gěi,"for, for the benefit of, by(in passive cons)",Prep,A2,People
跟,gēn,rep with,Prep,A2,People
恭喜,gōngxǐ,to congratulate,VS,A2,Other
工作,gōngzuò,to work,VA,A2,Conjunctions
夠,gòu,to be enough,VS,A2,Actions
掛,guà,to hang,VA,A2,Other
乖,guāi,to be well-behaved,VS,A2,Actions
關上,guānshàng,"to close, to shut; to turn off",VA,A2,Other
果汁,guǒzhī,fruit juice,N,A2,Food
過來,guòlái,"to come over/ up, come here",VA,A2,People
過年,guònián,to celebrate the Chinese New Year,VA,A2,Time
過去,guòqù,"in the past, formerly",N,A2,People
過去,guòqù,"to go over, to pass by",VA,A2,Actions
故事,gùshì,story,N,A2,Conjunctions
還,hái,"still, yet, also, too, as well, besides",Adv,A2,People
海,hǎi,"ocean, sea",N,A2,Other
害怕,hàipà,be afraid/scared,VS,A2,Emotions
漢堡,hànbǎo,hamburger,N,A2,Other
韓國,hánguó,the Republic of Korea,N,A2,People
漢語,hànyǔ,Chinese/ Sinitic language(s),N,A2,People
漢字,hànzì,"Ch character, sinograph",N,A2,People
好看,hǎokàn,to be good-looking,VS,A2,Actions
河,hé,river,N,A2,People
盒子,hézi,"box, case",N,A2,Other
黑,hēi,(1)to be black; (2)to be dark,VS,A2,Actions
黑色,hēisè,black,N,A2,Other
紅,hóng,to be red,VS,A2,Actions
紅包,hóngbāo,red envelope containing a money gift,N,A2,People
紅茶,hóngchá,black tea,N,A2,Food
紅綠燈,hónglǜdēng,traffic light,N,A2,People
後來,hòulái,"afterwards, later on",N,A2,Other
護士,hùshì,hospital nurse,N,A2,Places
畫家,huàjiā,a painter(as in an artist),N,A2,People
黃,huáng,to be yellow,VS,A2,Actions
花園,huāyuán,flower garden,N,A2,People
滑雪,huáxuě,to ski,VA,A2,People
會,huì,will,Adv,A2,People
回答,huídá,to answer,VA,A2,People
活,huó,to be alive,VS,A2,Actions
或,huò,"or, either or",Conj,A2,People
或是,huòshì,"or, perhaps",Conj,A2,Conjunctions
機會,jīhuì,"chance, opportunity",N,A2,People
記,jì,"to record, to write, to jot down",VA,A2,Actions
計程車,jìchéngchē,taxi,N,A2,People
計畫,jìhuà,"plan, project, program   計畫/劃 jìhuà/huà : to plan, to map out","N, VA",A2,Other
家庭,jiātíng,"family, household",N,A2,People
簡單,jiǎndān,"to be simple, uncomplicated",VS,A2,Animals
件,jiàn,"Individual measure word for affairs, incidents, etc.",M,A2,People
講話,jiǎnghuà,"to speak, talk, address",VA,A2,Clothes
教,jiào,to teach,VA,A2,Food
交,jiāo,"to hand over, to deliver",VA,A2,People
餃子,jiǎozi,Chinese dumpling,N,A2,People
結婚,jiéhūn,"to marry, to get married",VA,A2,People
節目,jiémù,"program, events(of entertainment, a program, etc.)",N,A2,People
解決,jiějué,"to resolve, settle",VA,A2,Conjunctions
借,jiè,"to borrow, to lend",VA,A2,Conjunctions
斤,jīn,a unit of weight,M,A2,People
經過,jīngguò,"to pass by, to pass through",VA,A2,Other
警察,jǐngchá,police officer,N,A2,Places
緊張,jǐnzhāng,"to be nervous, to be tense",VS,A2,Actions
就要,jiùyào,"soon, in no time",Adv,A2,People
決定,juédìng,to decide,VA,A2,People
句子,jùzi,sentence,N,A2,Other
開始,kāishǐ,to start,VA,A2,Other
開水,kāishuǐ,boiling/ boiled water,N,A2,Food
開心,kāixīn,"to feel happy, rejoice",VS,A2,Emotions
開學,kāixué,"to start school, to begin term",VS,A2,Actions
看到,kàndào,to see,VA,A2,Other
看見,kànjiàn,to see,VA,A2,Other
烤,kǎo,"to roast, to toast, to bake",VA,A2,Other
棵,kē,individual measure word for plants and vegetable,M,A2,Food
科學,kēxué,science,N,A2,People
渴,kě,to be thirsty,VS,A2,Actions
可愛,kěài,"to be lovable, likeable, adorable, cute",VS,A2,Actions
課本,kèběn,textbook,N,A2,Other
客氣,kèqì,to be polite,VS,A2,Actions
客人,kèrén,"guest, visitor",N,A2,People
課文,kèwén,text in a school book,N,A2,Places
空氣,kōngqì,air,N,A2,People
口,kǒu,"(1)measure word for people;(2)Mouthful, measure word for things kept in the mouth",M,A2,People
哭,kū,"to cry, to weep",VA,A2,People
苦,kǔ,to be bitter,VS,A2,Actions
塊,kuài,Individual measure word for a solid substance with a regular shape,M,A2,People
筷子,kuàizi,chopsticks,N,A2,People
拉,lā,"to pull, to tug",VA,A2,Other
藍,lán,to be blue,VS,A2,Actions
藍色,lánsè,blue,N,A2,Other
老,lǎo,"to be old, aged",VS,A2,Actions
老人,lǎorén,old man/ woman,N,A2,People
裡,lǐ,"inside   裡邊(兒) lǐbiān(ér): interior, inside","N, N",A2,People
禮物,lǐwù,"present, gift",N,A2,People
臉,liǎn,face,N,A2,Other
練習,liànxí,"to practice, to drill",VA,A2,People
涼,liáng,to be cool,VS,A2,Actions
涼快,liángkuài,to be(pleasantly)cool,VS,A2,Actions
亮,liàng,"to be sunny, to be bright",VS,A2,Actions
輛,liàng,"measure word for any conveyance, etc.   聊天(兒) liáotiān(ér): to chat/ chatting","M, VA",A2,Clothes
零,líng,zero,Det,A2,Other
留,liú,"to leave(message, thing, etc.), to stay, to remain, to keep",VA,A2,People
樓,lóu,"floor, story",N,A2,Conjunctions
旅遊,lǚyóu,to travel,VA,A2,Travel
綠,lǜ,to be green,VS,A2,Actions
亂,luàn,to be messy,VS,A2,Actions
路上,lùshàng,on the road,N,A2,People
麻煩,máfán,"an on annoyance, troublesome",N,A2,People
麻煩,máfán,to be annoyed; to bother,VS,A2,Actions
馬,mǎ,horse,N,A2,Animals
馬上,mǎshàng,immediately,Adv,A2,People
慢,màn,to be slow; slowly,VS,A2,Actions
毛衣,máoyī,sweater,N,A2,Food
帽子,màozi,"hat, cap, headgear",N,A2,Clothes
美,měi,to be beautiful,VS,A2,Actions
美麗,měilì,"to be beautiful   摩托車/機車 mótuōchē/jīchē : motorcycle, motor scooter","VS, N",A2,Actions
木頭,mùtóu,"wood, log, timber",N,A2,People
哪,nǎ,which,Det,A2,People
那邊,nàbiān,"there, over there   那麼(樣) nàme(yàng): well, in that case","N, Adv",A2,Clothes
奶奶,nǎinai,"grandma, grandmother(father's mother)",N,A2,People
難過,nánguò,"to be sad, to be distressed",VA,A2,Emotions
年紀,niánjì,age,N,A2,Other
年輕,niánqīng,to be young,VS,A2,Actions
念,niàn,"to read aloud, to study   鳥(兒) niǎo(ér): bird","VA, N",A2,Animals
努力,nǔlì,"to make great effort, try hard",VS,A2,Food
暖和,nuǎnhuo,to be warm,VS,A2,Actions
爬,pá,"to climb, to crawl",VA,A2,People
爬山,páshān,"to climb a mountain, to hike on hills",VA,A2,People
怕,pà,to fear,VS,A2,Other
拍,pāi,"to clap, beat, pat",VA,A2,Food
盤,pán,container measure word for the contents of a plate,M,A2,People
盤子,pánzi,"plate   旁邊(兒) pángbiān(ér): side, by the side of, near by","N, N",A2,People
胖,pàng,to be fat,VS,A2,Actions
跑,pǎo,to run,VA,A2,Actions
片,piàn,"partial measure word for thin, flat pieces of something",M,A2,People
蘋果,píngguǒ,apple,N,A2,Other
瓶子,píngzi,bottle,N,A2,Other
破,pò,to be broken,VS,A2,Actions
奇怪,qíguài,"to be strange, to be queer, to be unusual",VS,A2,Actions
汽水,qìshuǐ,"soda pop, carbonated drink",N,A2,Food
起,qǐ,"to stand up, get up, to lift, to rise",VA,A2,People
起來,qǐlái,"to stand up, to rise",VA,A2,People
汽車,qìchē,"automobile, car",N,A2,People
鉛筆,qiānbǐ,pencil,N,A2,People
前天,qiántiān,the day before yesterday,N,A2,Time
牆,qiáng,wall,N,A2,Other
橋,qiáo,bridge,N,A2,People
巧克力,qiǎokèlì,chocolate,N,A2,Other
親,qīn,to kiss,VA,A2,People
輕,qīng,to be light,VS,A2,Actions
清楚,qīngchǔ,to be clear,VS,A2,Actions
晴天,qíngtiān,"clear day, sunny day",N,A2,Time
請客,qǐngkè,"to host, to invite, to treat someone(to dinner,etc.)",VA,A2,Food
慶祝,qìngzhù,to celebrate,VA,A2,Other
全部,quánbù,"all, whole",Det,A2,Other
裙子,qúnzi,skirt,N,A2,Clothes
然後,ránhòu,"afterwards, then",Adv,A2,People
讓,ràng,"used in a passive sentence structure to introduce the agent; to let, to allow, to permit, to make",Prep,A2,Actions
認為,rènwéi,"to believe that, consider that",VA,A2,Clothes
認真,rènzhēn,"to be conscientious, earnest, serious",VS,A2,Actions
日,rì,date,N,A2,Other
日子,rìzi,days,N,A2,Time
如果,rúguǒ,"if, in case, in the event of",Conj,A2,People
森林,sēnlín,forest,N,A2,Conjunctions
沙發,shāfā,sofa,N,A2,Conjunctions
上來,shànglái,to come up; up,VA,A2,People
上去,shàngqù,to go up,VA,A2,Actions
上學,shàngxué,"to attend school, to be at school",VA,A2,Actions
生活,shēnghuó,life,N,A2,People
生活,shēnghuó,to live,VA,A2,People
生氣,shēngqì,to be angry; to take offense,VS,A2,Emotions
聲音,shēngyīn,"sound, voice",N,A2,People
事,shì,"affair, work",N,A2,People
試,shì,to try,VA,A2,Other
市場,shìchǎng,market,N,A2,Other
世界,shìjiè,the world,N,A2,People
事情,shìqíng,"affair; something to do, a matter, event",N,A2,Actions
石頭,shítóu,stone,N,A2,Numbers
食物,shíwù,"food, edibles",N,A2,Food
手套,shǒutào,"gloves, mittens",N,A2,Emotions
瘦,shòu,to be thin,VS,A2,Actions
書桌,shūzhuō,desk,N,A2,Other
數,shǔ,to count,VA,A2,Other
刷牙,shuāyá,to brush ones teeth,VA,A2,Numbers
睡,shuì,to sleep,VA,A2,Other
酸,suān,to be sour,VS,A2,Actions
雖然,suīrán,"though, although",Conj,A2,Other
隨便,suíbiàn,"whatever, wherever, whenever, do as one please",VS,A2,Clothes
所有,suǒyǒu,all,Det,A2,Other
談,tán,to talk about,VA,A2,Other
湯,tāng,soup,N,A2,Conjunctions
湯匙,tāngchí,soup spoon,N,A2,Conjunctions
討厭,tǎoyàn,"to dislike, to loathe, to hate",VS,A2,Clothes
套,tào,collective measure word for a group of things used togather,M,A2,People
疼,téng,"to be ache, to be in pain, to be sore",VS,A2,Actions
天天,tiāntiān,"every day, daily",Adv,A2,Time
甜,tián,to be sweat,VS,A2,Food
條,tiáo,"(1)Individual measure word for insects or animals; (2)Individual measure word for long, narrow things; (3)Individual measure word for natural things, such as mountains, rivers, etc.",M,A2,Animals
跳,tiào,"to jump, to palpitate, to skip(over",VA,A2,People
聽見,tīngjiàn,to hear,VA,A2,People
聽說,tīngshuō,hear it said,VA,A2,People
停,tíng,to stop,VS,A2,Other
停車,tíngchē,to park the car,VA,A2,Places
通知,tōngzhī,information,N,A2,People
通知,tōngzhī,"to inform, to notify",VA,A2,People
偷,tōu,"to steal, to burglarize",VA,A2,Food
頭髮,tóufǎ,hair(on the human head),N,A2,People
推,tuī,to push forward,VA,A2,Conjunctions
腿,tuǐ,leg,N,A2,Other
外套,wàitào,overcoat,N,A2,Clothes
危險,wéixiǎn,"to be dangerous, perilous",VS,A2,Actions
味道,wèidào,"taste, flavor, smell, odor",N,A2,People
無聊,wúliáo,to be bored; to be boring and uninteresting; to be a nuisance; to be nonsensical,VS,A2,Actions
西瓜,xīguā,watermelon,N,A2,Food
希望,xīwàng,"to hope, to wish",VS,A2,People
習慣,xíguàn,habit,N,A2,People
需要,xūyào,"to need, to demand",VS,A2,People
許多,xǔduō,"many, a lot of",Det,A2,People
下來,xiàlái,to come down from a higher place,VA,A2,People
下去,xiàqù,to go down; descend,VA,A2,Actions
下雪,xiàxuě,to snow,VA,A2,Other
香,xiāng,"to be scented, to be fragrant",VS,A2,Actions
鄉下,xiāngxià,countryside,N,A2,People
相信,xiāngxìn,to trust,VS,A2,Other
箱子,xiāngzi,"box, trunk, case",N,A2,Other
向,xiàng,"rep to, towards",Prep,A2,Other
消息,xiāoxí,"news, information",N,A2,People
小說,xiǎoshuō,"novel, short story",N,A2,Conjunctions
小偷,xiǎotōu,"thief, burglar",N,A2,People
小學,xiǎoxué,elementary school,N,A2,Places
笑,xiào,"to smile, to laugh, to laugh at",VA,A2,People
笑話,xiàohuà,joke,N,A2,Other
校長,xiàozhǎng,"principal/ head of a school, head-master",N,A2,Places
心,xīn,heart,N,A2,People
辛苦,xīnkǔ,"to be hard, toilsome, painstaking",VS,A2,Actions
新聞,xīnwén,news,N,A2,Other
星星,xīngxīng,stars,N,A2,Other
興趣,xìngqù,interest,N,A2,People
學習,xuéxí,to study; to learn,VA,A2,Other
雪,xuě,snow,N,A2,Other
牙刷,yáshuā,toothbrush,N,A2,Adverbs
顏色,yánsè,color,N,A2,Conjunctions
眼鏡,yǎnjìng,"glasses, spectacles",N,A2,Other
鑰匙,yàoshí,key,N,A2,Other
要是,yàoshì,if,Conj,A2,People
羊,yáng,"sheep, goat",N,A2,Animals
樣子,yàngzi,"appearance, shape, model, pattern",N,A2,Other
也許,yěxǔ,"perhaps, maybe, might",Adv,A2,People
爺爺,yéye,"grandpa, grandfather(father's father); a respectful form of address for an old man   一半(兒) yíbàn(ér): half, in part","N, Det",A2,Clothes
一邊,yìbiān,"at the same time, simultaneously; on the one/ other hand",Adv,A2,People
一會兒,yíhuìér,"a moment, a short while",N,A2,People
飲料,yǐnliào,"soft drink, beverage",N,A2,Food
陰天,yīntiān,"overcast sky, cloudy day",N,A2,Time
應該,yīnggāi,"should, ought to",Adv,A2,Other
永遠,yǒngyuǎn,"always, forever",Adv,A2,Adverbs
有趣,yǒuqù,"interesting, fascinating, amusing",VS,A2,People
有用,yǒuyòng,to be useful,VS,A2,Actions
又,yòu,"and, in addition",Conj,A2,People
雨,yǔ,rain,N,A2,People
圓,yuán,"to be round, to be circular",VS,A2,Actions
原來,yuánlái,"originally, formerly   院(子) yuàn(zi): yard","Adv, N",A2,People
願意,yuànyì,to be willing,VS,A2,Actions
約,yuē,to make an appointment,VA,A2,Actions
越來越,yuèláiyuè,more and more...,Adv,A2,Conjunctions
月亮,yuèliàng,moon,N,A2,Other
語法,yǔfǎ,grammar,N,A2,Other
語言,yǔyán,language,N,A2,Other
雲,yún,cloud,N,A2,Other
髒,zāng,to be dirty,VS,A2,Actions
炸雞,zhájī,fried chicken,N,A2,People
張,zhāng,Individual measure word for the mouth or face of a person or animal,M,A2,Animals
著急,zhāojí,"to be nervous, anxious",VS,A2,Actions
著,zhe,"a verbal suffix, indicating the action or the state is continuing",P,A2,Animals
這邊,zhèbiān,"this side, here   這麼(樣) zhème(yàng): so, like this","N, Adv",A2,People
真,zhēn,"really, truly, indeed",Adv,A2,People
真,zhēn,"to be real, true",VS,A2,Actions
正在,zhèngzài,indicating an action in progress,Adv,A2,Animals
枝,zhī,Individual measure word for flowers and grass,M,A2,People
隻,zhī,(1)measure word for the one of two things of the same kind; (2)measure word for one of the ymetrical limbs or organs of people or animals,M,A2,Animals
只,zhǐ,only,Adv,A2,Other
只好,zhǐhǎo,"cannot but, have to",Adv,A2,Adverbs
中間,zhōngjiān,"between, among, in the middle of",N,A2,People
鐘頭,zhōngtóu,hour,N,A2,Other
中心,zhōngxīn,"center, heart, central point",N,A2,People
種,zhǒng,collective measure word for people or things of the same kind,M,A2,People
種,zhòng,"to plant, cultivate, sow",VA,A2,People
豬,zhū,pig,N,A2,Animals
煮,zhǔ,"to boil, to cook",VA,A2,People
祝,zhù,"to wish(someone good health, good luck, etc.), to offer good wishes",VA,A2,People
裝,zhuāng,"to fill, to load",VA,A2,People
準備,zhǔnbèi,"to prepare, to intend",VA,A2,People
注意,zhùyì,"to pay attention to, to take notice of",VS,A2,People
字,zì,character,N,A2,Other
總是,zǒngshì,"always, without exception",Adv,A2,People
租,zū,to rent,VA,A2,Other
嘴巴,zuǐbā,mouth,N,A2,Other
做菜,zuòcài,to cook,VA,A2,Other
作業,zuòyè,homework,N,A2,Places
